domain,category
ipsosisay.com,survey
dhl.de,other
swagbucks.com,survey
deutschlandcard.de,other
web.de,search
consumer-opinion.com,survey
meinungsplatz.de,survey
profitmails.de,survey
eis.de,shopping
dm.de,shopping
nicequest.com,survey
deref-web.de,other
otto.de,shopping
apollo.de,shopping
payback.de,survey
ing.de,other
paypal.com,other
rewe.de,work_related
bonprix.de,shopping
maximiles.com,survey
respondi.de,survey
netto-online.de,shopping
entscheiderclub.de,survey
gfk.de,survey
gfk.com,survey
info-mails.de,survey
youtube.com,social_media
marketagent.com,survey
bilendi.com,survey
ipsosinteractive.com,survey
dialego.de,survey
rogsurvey.de,survey
ssisurveys.com,survey
researchnow.com,survey
qualtrics.com,survey
cint.com,survey
surveys.com,survey
materialplus.io,survey
cmix.com,survey
statista.com,work_related
meinungsstudie.de,survey
iqsn.de,survey
yougov.com,survey
yougov.de,survey
intellisurvey.com,survey
amazon.de,shopping
bing.com,search
epiphany-rbc.com,survey
facebook.com,social_media
yoursurveynow.com,survey
quantilope.com,survey
iq-dist-2.com,survey
tchibo.de,shopping
einfach-sparsam.de,other
focus.de,news
opodo.de,other
lieferando.de,other
hagebau.de,shopping
momoxfashion.com,shopping
google.de,search
dr-gumpert.de,health
innofact-umfrage3.de,other
nielsen.com,survey
pollfish.com,survey
aok.de,other
keyingress.de,survey
respondi.com,survey
for-me-online.de,survey
mindvotes.com,survey
beasurveytaker.com,survey
nielsenplatform.com,survey
wikipedia.org,other
surveyme.online,survey
spar-mit.com,other
sky.de,entertainment
yahoo.com,search
prsrvy.com,survey
samplicio.us,survey
alchemer.com,survey
dynata.com,survey
fact-family.de,survey
tolunastart.com,survey
surveyrouter.com,survey
userzoom.com,work_related
lidl.de,shopping
decipherinc.com,survey
innofact1.com,survey
questionpro.eu,survey
focusvision.com,survey
research-survey.com,survey
ktrmr.com,other
medimops.de,shopping
tonermacher.de,shopping
tarifcheck.de,other
ptrack1.com,entertainment
deichmann.com,shopping
instagram.com,social_media
myhermes.de,other
zdf.de,entertainment
puls-marktforschung.de,survey
ich-liebe-kaese.de,other
alditalk-kundenbetreuung.de,work_related
hunkemoller.de,shopping
zalando.de,shopping
idealo.de,shopping
opinion-surveys.de,survey
telekom.de,shopping
nielseniq.com,survey
rossmann.de,shopping
survalyzer.eu,survey
comdirect.de,other
elle.de,other
zalando-lounge.de,shopping
quicksurveys.com,survey
cloudresearch.com,survey
myvoice-surveys.com,survey
ergoquest19.com,other
baur.de,shopping
customervoice360.com,other
mediaanalyzer.info,work_related
mindsharesurveys.com,survey
c-and-a.com,shopping
mediamarkt.de,shopping
confirmit.eu,survey
nachspielzeit-community.de,other
google.com,work_related
obi.de,shopping
asos.com,shopping
schiesser.com,shopping
westwing.de,shopping
home24.de,shopping
lindt.de,shopping
depot-online.de,shopping
gdp-group.com,survey
americanexpress.com,other
opiniumresearch.co.uk,survey
vipvoice.com,survey
vwfs.de,other
weltsparen.de,other
dastelefonbuch.de,other
jameda.de,health
retoura.de,shopping
testberichte.de,other
payback-panel.de,survey
efs-survey.com,survey
produktundmarkt.de,survey
soscisurvey.de,survey
nfieldmr.com,survey
gofeminin.de,other
wikihow.com,other
lifepointspanel.com,survey
appin.io,survey
spectrumsurveys.com,survey
test.de,news
sago.com,survey
scondoo.de,shopping
stern.de,news
misterspex.de,shopping
chefkoch.de,other
flaconi.de,shopping
ebay.de,shopping
kaufland.de,shopping
glamour.de,news
kinguin.net,shopping
gls-pakete.de,other
unipark.de,survey
frag-team-clean.de,other
edeka.de,shopping
coffeeb.com,shopping
spiegel.de,news
shop-apotheke.com,shopping
idsdec.net,other
stayfriends.de,social_media
irquest.com,survey
aytm.com,survey
deutsche-rentenversicherung.de,other
eservice-drv.de,work_related
dcoreumfrage.de,other
rewe-reisen.de,other
gardena.com,shopping
ikea.com,shopping
alchemer.eu,survey
aponeo.de,health
medpex.de,shopping
confirmit.com,work_related
chip.de,news
freundin.de,news
wunderweib.de,news
mydealz.de,shopping
joyn.de,entertainment
sample-cube.com,survey
researchsurv.com,survey
insights-today.com,survey
lascana.de,shopping
cathayatech.com,other
innofact-survey.com,survey
savanta.com,survey
volksbank-bi-gt.de,other
xing.com,work_related
net-research.com,survey
ernstings-family.de,shopping
innofact-umfrage.de,survey
umfragecenter.de,other
questionpro.com,survey
kostenlos.de,survey
researchresults.com,survey
leo.org,other
nlr-surveys.de,survey
myeae.de,survey
square-community.io,survey
gutefrage.net,social_media
ecosia.org,search
trend-research.de,survey
giga.de,news
docmorris.de,shopping
bild.de,news
klarmobil.de,shopping
shoop.de,shopping
bms-research.com,survey
eat.de,other
nimm2.de,other
bases.com,survey
kerrygold.de,shopping
survia.com,survey
trendence-survey.com,survey
flickr.com,work_related
infogmbh.de,survey
audiotagebuch.de,other
imdb.com,entertainment
bmwbank.de,other
opinionbar.com,survey
always-testwochen.de,other
skopos1.de,survey
s2survey.net,survey
harrisinsights.com,survey
elster.de,other
sawtoothsoftware.com,work_related
tgm.mobi,survey
gogift.com,shopping
surveyb.in,survey
engbers.com,shopping
cpx-research.com,survey
yunosurveys.com,survey
apple.com,other
dealdoktor.de,shopping
researchbods.com,survey
aliexpress.com,shopping
ebarometer.eu,survey
jetsetlive.tv,entertainment
hideout.co,entertainment
amazon.com,shopping
kochbar.de,other
booking.com,other
forsa.de,survey
innovatemr.net,other
dasoertliche.de,other
ergoquest15.com,other
psyma-surveys.com,survey
dubiku.de,survey
t-online.de,search
thepanelstation.com,survey
mobrog.com,survey
plantopedia.de,other
temu.com,shopping
opinion-surveys-nbg.de,survey
ipsos.com,survey
bundesfinanzministerium.de,news
buhl.de,work_related
prospektmaschine.de,shopping
lenor-sensitiv-testen.de,shopping
nepastudies.com,survey
incontext-research.com,survey
dove.com,shopping
serienjunkies.de,news
abomix.de,shopping
kino.de,news
weplayhandball.de,shopping
kleinanzeigen.de,shopping
whatsapp.com,messaging
miles-and-more.com,other
haufe.de,other
sheego.de,shopping
coupert.com,shopping
fressnapf.de,shopping
sportscheck.com,shopping
purina.de,other
kik.de,shopping
nutella.com,other
weltbild.de,shopping
unimrktresponse.net,survey
oetker.com,other
ada-insight.de,work_related
medikamente-per-klick.de,shopping
innofact-conjoint.de,survey
bauknecht.de,shopping
villeroy-boch.de,shopping
q-dot.de,survey
nintendo.de,shopping
deutsche-bank.de,other
duckduckgo.com,search
gmx.net,search
deref-gmx.net,survey
dkb.de,other
smallpdf.com,work_related
adobe.com,work_related
duden.de,work_related
gesetze-im-internet.de,other
billiger-mietwagen.de,shopping
lto.de,news
linkedin.com,social_media
faz.net,news
connect-living.de,news
msn.com,news
microsoft.com,shopping
live.com,work_related
office.com,work_related
microsoft365.com,work_related
outlook.com,messaging
gmail.com,work_related
hugendubel.de,shopping
cosmosdirekt.de,other
telekom.com,survey
fandom.com,other
linguee.de,other
deepl.com,work_related
yandex.com,search
bahn.de,other
welt.de,news
glaubenskultur.de,news
christen-im-dialog.de,social_media
nac-portal.org,other
nak-nordost.de,news
berliner-volksbank.de,other
sportschau.de,news
nak-west.de,news
mdr.de,news
herthabsc.com,news
tagesschau.de,news
nak-heidelberg.de,news
tvtv.de,entertainment
rasenfunk.de,news
allianz.de,other
toluna.com,survey
nak-minden.de,news
fussball.de,news
tagesspiegel.de,news
etsy.com,shopping
sport.de,news
spotify.com,entertainment
berliner-zeitung.de,news
wetter.com,other
wetteronline.de,other
musescore.com,entertainment
gofundme.com,other
ardmediathek.de,entertainment
skype.com,messaging
nak-stuttgart-bad-cannstatt.de,news
toom.de,shopping
dpd.de,other
titan.international,survey
berliner-kurier.de,news
bz-berlin.de,news
sciencedirect.com,work_related
vorwerk.com,shopping
hna.de,news
dropbox.com,other
wp.de,news
o2online.de,shopping
engelbert-strauss.de,shopping
rp-online.de,news
surveycenter.com,survey
thalia.de,shopping
bedienungsanleitung24.de,other
immobilienscout24.de,other
mytoys.de,shopping
sueddeutsche.de,news
schwarzwaelder-bote.de,news
dpd.com,other
ergoquest16.com,other
jimdofree.com,work_related
derwesten.de,news
koch-mit.de,other
taz.de,news
tk.de,health
wayfair.de,shopping
klarna.com,other
ligaexperte.de,gambling
sebandyou.com,other
nordkurier.de,news
verbaco.de,work_related
rtl.de,news
finanzfrage.net,social_media
otz.de,news
paydirekt.de,shopping
ergoquest13.com,other
aktion-mensch.de,gambling
haystack-consulting.com,other
bvb.de,shopping
schwaebische.de,news
waz.de,news
project4dshopper.com,survey
allianzdirect.de,other
alternate.de,shopping
samsung.com,shopping
inside-digital.de,news
cyberport.de,shopping
buecher.de,shopping
booklooker.de,shopping
seen.de,other
spox.com,news
ndr.de,news
sport1.de,news
matteoberlin.de,shopping
ergoquest14.com,other
mt-sirup.de,shopping
herthashop.de,shopping
selbst.de,other
speedport.ip,other
deutschepost.de,shopping
twitter.com,social_media
matratzen-concord.de,shopping
arte.tv,entertainment
reddit.com,social_media
drivepedia.com,other
dak.de,health
postbank.de,other
uci-kinowelt.de,shopping
netzwelt.de,news
tchibo-mobil.de,shopping
computerbild.de,news
check24.de,other
lottoland.com,games
faphouse.com,adult
xhamster.desi,adult
livejasmin.com,adult
kreiswerke-barnim.de,other
tippsundtricks.co,news
omnipanel.de,survey
wetransfer.com,work_related
transfermarkt.de,news
kicker.de,news
kaufland.com,shopping
tvmovie.de,news
wdr.de,news
tiktok.com,social_media
einfachbacken.de,other
picdrop.com,work_related
quopeople.de,survey
opensurvey.com,survey
gmx.de,news
system1research.com,survey
sparkasse-leipzig.d,other
sparkasse-leipzig.de,other
ipsos-cd.com,survey
whatyouexpect.eu,survey
shell.com,other
textilzirkel.de,shopping
kundenstimme.com,survey
testingtime.com,survey
norstatsurveys.com,survey
norstatpanel.com,survey
lvz.de,news
cecil.de,shopping
street-one.de,shopping
tom-tailor.de,shopping
aboutyou.de,shopping
soliver.de,shopping
meinfischer.de,shopping
imwalking.de,shopping
trendfrage.de,survey
meinestadt.de,work_related
immowelt.de,shopping
marketmind.at,survey
insa-consulere.de,survey
trendsetterclub.com,survey
promio-mail.com,other
sagunsdiemeinung.de,survey
survey-research24.de,survey
zappi.io,survey
qvc.de,shopping
bader.de,shopping
kennys.de,shopping
magenta-insights.com,survey
univoxcommunity.com,survey
onquest.de,survey
opinion.life,survey
statista-research.com,survey
casa-doe.com,survey
focaldata.com,survey
myiyo.com,survey
itrafficcenter.com,survey
generationwow.de,other
bundesgesundheitsministerium.de,news
vergleich.org,other
immosuchmaschine.de,other
fahrradfragen.de,social_media
zurrose.de,health
geizhals.de,shopping
medizinfuchs.de,shopping
psyma.com,survey
meine-onlineapo.de,health
goldmedia.de,survey
blau.de,shopping
mypersonalroutine.com,other
euronics.de,shopping
primeopinion.com,survey
ep.de,shopping
conrad.de,shopping
galaxus.ch,shopping
nebenan.de,social_media
mindtake.com,survey
butlers.com,shopping
familienkost.de,other
esprit.de,other
intquest.de,survey
bofrost.de,shopping
uniqlo.com,shopping
peterhahn.de,shopping
figma.com,work_related
nkd.com,shopping
ipsosricerche.it,survey
hp.com,shopping
mytelecomsurvey.com,survey
strayz.de,shopping
kernwert.com,survey
breuninger.com,shopping
monari.de,shopping
imkumfrage.de,survey
surveys.kr,survey
gerryweber.com,shopping
discord.com,messaging
pinterest.com,social_media
veepee.de,shopping
markenjury.com,other
mueller.de,shopping
bedienungsanleitu.ng,other
mintel.com,survey
hellma.de,shopping
kadewe.de,shopping
bonaparteemail.com,other
norma-online.de,shopping
myonlinestudy.eu,work_related
karls-shop.de,shopping
kokoro-insight.com,survey
supermarktcheck.de,search
moebel-kraft.de,shopping
lecker.de,other
trustpilot.com,other
ersatzteileshop.de,shopping
ersatzteilshop.de,shopping
haus.de,other
bauhaus.info,shopping
joom.com,shopping
quelle.de,shopping
potentia-insight.co.uk,survey
freenet.de,search
freenet-mobilfunk.de,shopping
camondas.de,shopping
handelsblatt.com,news
tripadvisor.de,other
pearl.de,shopping
klingel.de,shopping
interceptsurveys.com,survey
zattoo.com,entertainment
familyfoodpanel.com,other
erzgebirge-palast.de,shopping
aldi-nord.de,shopping
sparkasse-leipz,other
konsumgoettinnen.de,work_related
einfachkochen.de,other
brigitte.de,news
sat1.de,news
co.uk,other
sparkass,other
ocucom.com,survey
paul-pille.de,shopping
merkur.de,news
bueromarkt-ag.de,shopping
onepagebooking.com,other
netto.de,shopping
civey.com,survey
tz.de,news
westfalia.de,shopping
mozilla.org,search
mein-schoener-garten.de,work_related
watson.de,news
meinungsort.de,survey
bon-einloesen.de,shopping
schwaebisch-hall.de,other
obelink.de,shopping
eventim.de,shopping
connect.de,news
genius.tv,shopping
prosieben.de,news
moebel.de,shopping
geo.de,other
ruv.de,other
netflix.com,entertainment
save.tv,entertainment
anwalt.de,other
arbeitsagentur.de,other
disneyinternational.com,other
uni-hamburg.de,survey
stage-entertainment.de,shopping
borago.de,shopping
bodychange.de,health
medion.com,other
adventskalender-gewinnspiele.de,entertainment
cosmopolitan.de,news
maennersache.de,news
liebenswert-magazin.de,news
heypiggy.com,survey
gewinnspiele-markt.de,survey
klamm.de,news
dresden-mails.de,work_related
dondino.de,shopping
cashbackdeals.de,survey
neobux.com,survey
1und1.de,shopping
eulenspiegel-zeitschrift.de,entertainment
lottohelden.de,games
eprimo.de,other
questler.de,shopping
zeit.de,news
woowee.de,survey
cashsparen.de,shopping
pollin.de,shopping
fritz.box,other
sackitshop.de,shopping
thepioneer.de,news
fernsehserien.de,news
grover.com,shopping
monosurveys.com,survey
aktienwelt360.de,news
finanzen.net,news
spartanien.de,shopping
nordbayern.de,news
vodafone.de,shopping
sharkclean.de,shopping
change.org,other
surveylama.com,survey
yumpu.com,work_related
surveoo.com,survey
quirion.de,other
fr.de,news
tvspielfilm.de,entertainment
sim.de,shopping
footlocker.de,shopping
motatos.de,shopping
morgenpost.de,news
br.de,news
tui.com,other
gaddin.com,other
idee-shop.com,shopping
deraktionaer.de,news
cellavita.de,shopping
strato.de,work_related
mein-grundeinkommen.de,other
reppa.de,shopping
check24.net,other
clark.de,other
koffermarkt.com,shopping
outletcity.com,shopping
lenovo.com,shopping
penny.de,shopping
na-kd.com,shopping
floraprima.de,shopping
strato.com,work_related
westlotto.de,other
lakridsbybulow.de,shopping
rebuy.de,shopping
bueroshop24.de,shopping
cinemaxxl.de,news
mein-deal.com,shopping
moemax.de,shopping
shoppingkonto.de,shopping
justetf.com,other
isurveyworld.com,survey
gema.de,social_media
skylum.com,work_related
waipu.tv,entertainment
sharewareonsale.com,shopping
ideal-shoppen.de,shopping
tourradar.com,other
gloeckle.de,gambling
icloud.com,other
ab-in-den-urlaub.de,other
aldifotos.de,shopping
marketscreener.com,news
businessinsider.de,news
express.de,news
fcbayern.com,news
berlin.de,other
holidaycheck.de,other
schauinsland-reisen.de,other
norma24.de,shopping
readly.com,news
garten-schlueter.de,shopping
komoot.de,other
canva.com,work_related
freepik.com,work_related
swoodoo.com,other
ryanair.com,other
easyjet.com,other
denkmalschutz.de,news
iobit.com,other
momox.de,shopping
softwarehunter.de,other
simonmobile.de,other
fyrst.de,other
duh.de,news
koffer-to-go.de,shopping
finanznachrichten.de,news
nike.com,shopping
studysmarter.de,work_related
steamcommunity.com,social_media
visa.de,other
manager-magazin.de,news
tvtoday.de,news
tupperware.de,shopping
heinemann-shop.com,shopping
asus.com,other
bonus-bunny.de,shopping
horizoom-panel.de,survey
stuttgarter-nachrichten.de,news
maltwhisky.de,other
deezer.com,entertainment
ionos.de,work_related
openbank.de,other
engelhorn.de,shopping
notebookcheck.com,news
crazy-factory.com,shopping
jtdirektbank.de,other
dealclub.de,shopping
hellofresh.de,shopping
parkos.de,other
elitepartner.de,messaging
wallstreet-online.de,news
duolingo.com,work_related
axa.de,work_related
gala.de,news
swr.de,news
paketda.de,other
plarium.com,entertainment
sparstrom.de,other
talkonlinepanel.com,survey
tefal.de,shopping
action.com,shopping
lavialla.com,shopping
tassimo.com,shopping
freenet-digital.de,shopping
transparenzregister.de,other
coolblue.de,shopping
weg.de,other
tfbank.de,other
ninjakitchen.de,shopping
coinbase.com,work_related
pullandbear.com,shopping
notebooksbilliger.de,shopping
vinos.de,shopping
aldiventskalender.de,other
gothaer.de,other
frankfurt-airport.com,other
mmoga.de,shopping
ravensburger.de,shopping
yoursurprise.de,shopping
onlinetvrecorder.com,other
weightwatchers.com,health
ansons.de,shopping
utopia.de,news
computerwoche.de,work_related
sourceforge.net,work_related
nextpit.de,other
macwelt.de,news
mediawiki.org,other
chip-digital.de,other
techbook.de,other
portableapps.com,other
vox.de,entertainment
heise.de,news
download-dvd.de,other
ashampoo.com,shopping
github.com,work_related
drwindows.de,news
ipc.be,work_related
yippie.de,other
discountfan.de,other
mega.nz,work_related
nchsoftware.com,other
mixcloud.com,entertainment
radio.de,entertainment
intel.de,other
wordpress.com,work_related
xbox.com,shopping
leasingmarkt.de,shopping
franzis.de,shopping
bitrix24.de,work_related
bitfarm-archiv.de,other
formblitz.de,work_related
nielsenhomescansurveys.com,other
befragmich.de,survey
refero.de,survey
feedbaxx.de,survey
asap-utilities.com,other
exedb.com,other
wccftech.com,news
keepa.com,other
lehmanns.de,shopping
mynewspanel.de,survey
elvenar.com,games
rlp.de,news
rheinwerk-verlag.de,work_related
love2say.de,survey
gameduell.de,games
gls-group.eu,other
shein.com,shopping
zarahome.com,shopping
bestsecret.com,shopping
tierliebhaber.de,shopping
hair-express.de,shopping
xxxlutz.de,shopping
allround-pc.com,news
fuersie.de,news
precon.de,health
aponet.de,health
gefu.com,shopping
prisma-kuechen.de,other
porschexboxsweepstakes.com,entertainment
walnuss.de,other
autobild.de,news
tvnow.de,entertainment
menshealth.de,health
lifeline.de,health
apotheken.de,health
sunday.de,health
bitiba.de,shopping
spektrum.de,news
gelbe-liste.de,work_related
rtl2insider.de,survey
zoom.us,work_related
helios-gesundheit.de,health
googleadservices.com,other
globus-baumarkt.de,shopping
zooplus.de,shopping
udemymail.com,other
heizungsforum.de,social_media
ip-phone-forum.de,social_media
mein-adventskalender.de,shopping
leonardo.de,shopping
persil.de,shopping
homematic-ip.com,other
rituals.com,shopping
uni-bonn.de,work_related
gls-one.de,other
hobbii.de,shopping
asambeauty.com,shopping
fischer-wolle.de,shopping
junghanswolle.de,shopping
sobelia.com,shopping
parfumo.de,shopping
parfumdreams.de,shopping
novasol.de,other
eduki.com,shopping
learningapps.org,work_related
kahoot.com,work_related
anton.app,other
fewo-direkt.de,other
guenstiger.de,shopping
billiger.de,shopping
sodaplatz.com,other
eltern.de,work_related
bulk.com,shopping
blogspot.com,work_related
ideenreise-blog.de,work_related
pinterest.de,social_media
fobizz.com,work_related
openai.com,work_related
gamestar.de,entertainment
suedkurier.de,news
netzkino.de,entertainment
stepstone.de,work_related
todoist.com,work_related
trnd.com,survey
boerse.de,news
interwetten.de,gambling
bet365.de,other
saechsische.de,news
patreon.com,work_related
inxmail.com,work_related
oeffentlicher-dienst.info,other
stylebook.de,news
ebay.com,shopping
westermann.de,work_related
friedrich-verlag.de,work_related
fraulehrerin.ch,work_related
bussgeldkatalog.org,other
ruhr24.de,news
marktguru.de,shopping
kika.de,entertainment
fraulocke-grundschultante.de,work_related
procontra-online.de,news
quora.com,social_media
swr3.de,entertainment
wirkaufendeinauto.de,shopping
mobile.de,shopping
autoscout24.de,shopping
dialogpost-messung.de,survey
fitbit.com,health
google.xn--om-nmc,work_related
tag24.de,news
twitch.tv,entertainment
hamburg.de,other
knuspr.de,shopping
hypovereinsbank.de,other
studyflix.de,other
stiftunglesen.de,shopping
nkl.de,gambling
postcrossing.com,other
aol.de,search
aol.com,work_related
lotto-hessen.de,gambling
romeo.com,adult
rmv.de,other
garmin.com,shopping
geox.com,shopping
kayak.de,other
klm.de,other
meinmed.at,health
disneyplus.com,entertainment
vblh.de,other
iberia.com,other
google.es,search
rome2rio.com,other
ihk.de,other
westernunion.com,other
aldi-sued.de,shopping
steuer-web.de,other
calendly.com,work_related
flightradar24.com,other
amazon.es,shopping
alsa.com,other
musiktest24.de,survey
fraunhofer.de,work_related
dehner.de,shopping
n-tv.de,news
pollpass.com,survey
onlineumfragen.com,survey
loesdau.de,shopping
pareon.de,survey
rheinpfalz.de,news
wetter.de,other
dwd.de,other
kununu.com,work_related
tasso.net,other
wiwo.de,news
pflanzmich.de,shopping
schoener-wohnen.de,shopping
archives.cz,other
ancestry.de,other
desired.de,entertainment
clever-tanken.de,other
deine-tierwelt.de,other
markt.de,shopping
remesh.chat,survey
therewardcatalogue.com,other
kasuwa.de,shopping
shpock.com,shopping
indeed.com,work_related
veromoda.com,shopping
join.com,work_related
spiele-kostenlos-online.de,games
deutsche-apotheker-zeitung.de,news
onmeda.de,health
discogs.com,shopping
makerist.de,shopping
farbenmix.de,shopping
ehorses.de,shopping
24garten.de,news
fddb.info,other
bunte.de,news
fotocommunity.de,social_media
pflanzen-koelle.de,shopping
vinted.de,shopping
hausjournal.net,other
mariahusch.com,work_related
ihrweg.com,other
tabak-boerse24.de,shopping
weleda.de,shopping
infranken.de,news
volksversand.de,health
spreadshirt.de,shopping
queer.de,news
dailymotion.com,entertainment
basic-tutorials.de,other
stanforddeliberate.org,work_related
market-online.at,other
adac.de,news
mvg.de,other
voelkner.de,shopping
amazon.fr,shopping
co2online.de,other
st-georg.de,news
unterhalt.net,other
elopage.com,work_related
northdata.de,other
msdmanuals.com,work_related
uni-luebeck.de,survey
roller.de,shopping
poco.de,shopping
maisonsdumonde.com,shopping
ostsee-zeitung.de,news
cjd.de,other
ud-mail.de,work_related
meine-abovorteilswelt.de,other
aida.de,other
medimax.de,shopping
brainactivepanels.com,survey
nzz.ch,news
myhomebook.de,other
computeruniverse.net,shopping
pursuedtirol.com,shopping
alpenfein.com,shopping
jamon.de,shopping
amt-zuessow.de,other
sitzungsdienst-zuessow.de,other
investing.com,other
obstgut-eggert.de,shopping
lyra-pet.de,shopping
computerbase.de,news
filmstarts.de,news
visitnorway.de,other
alamy.de,work_related
visitoslo.com,other
kurzurlaub.de,other
theater-vorpommern.de,other
fundmate.com,other
super-sozi.de,work_related
fuldaerzeitung.de,news
meine-landausfluege.de,other
meinereiseangebote.de,other
dertour.de,shopping
kabarett-theater-lachmoewe.de,other
corendonairlines.com,other
skechers.de,shopping
petbook.de,news
breitsamer.de,shopping
blauer-engel.de,other
bandel-online.de,shopping
ebay.co.uk,shopping
sony.de,shopping
unsere-helden.com,news
tvmovie-lounge.de,news
buchszene.de,other
playboy.de,adult
prisma.de,other
kettenmachen.com,shopping
fitbook.de,health
gcc-1986.de,other
rowenta.de,shopping
collecthorsurvey.nl,survey
gaumenfreundin.de,other
meinfoto.de,shopping
kreuzfahrtberater.de,other
stylevamp.de,news
e-hoi.de,other
cam4.com,adult
de.com,adult
prolific.co,survey
gewinn-portal.de,other
xvideos.com,adult
xhamster.com,adult
pornhub.com,adult
bergwelten.com,other
outdooractive.com,other
jolie.de,entertainment
gardenplaza.de,other
homeplaza.de,other
logoclic.info,other
50plus.de,news
leben-und-erziehen.de,news
gleam.io,work_related
diehoerer.de,survey
falstaff.com,shopping
couchstyle.de,news
pincamp.de,other
gotools.de,shopping
mucke-und-mehr.de,news
umfragen-mps.de,survey
getyourguide.com,other
wa.de,news
funke.fun,games
kribbelbunt.de,other
kinonews.de,news
bvg.de,other
mailagenten.de,survey
mathaeser.de,other
kinopolis.de,entertainment
cspace.com,survey
videobuster.de,shopping
moventiquest.de,other
clickworker.com,survey
nexttester.de,work_related
shopmetrics.com,work_related
gegen-hartz.de,news
labvanced.com,work_related
kinderzeit.de,work_related
beyondpixels.de,news
flaschenpost.de,shopping
moviebreak.de,news
purelei.com,shopping
pegasus.de,other
coupon-eingabe.de,gambling
uni-giessen.de,work_related
fritz-berger.de,shopping
digitalfernsehen.de,news
globetrotter.de,shopping
erzgebirge.de,other
mtv.de,entertainment
myofb.de,news
vegan-fuer-mich.de,news
elbenwald.de,shopping
blick.de,news
pcgames.de,news
jps.de,other
baywa.de,other
ltur.com,other
hitchecker.de,news
tegut.com,shopping
sbahn.berlin,other
volksfreund.de,news
petra.de,news
varta-guide.de,other
club386.com,news
nextgengamersnet.com,news
tichyseinblick.de,news
hawesko.de,shopping
info-guj.de,other
velivery.com,shopping
playstation.com,shopping
research.sc,work_related
makita.de,shopping
uber.com,other
unwetterzentrale.de,other
meine-familie-und-ich.de,other
film-rezensionen.de,news
jack-wolfskin.de,shopping
grundschulkoenig.de,shopping
engelvoelkers.com,other
huk24.de,other
instant-gaming.com,entertainment
produkt-tests.com,other
xhamsterlive.com,adult
bestwestern.de,other
radiobob.de,entertainment
sporthilfe.de,other
genussmaenner.de,other
stoertebeker.com,other
def-shop.com,shopping
umweltbundesamt.de,news
tvdigital.de,entertainment
pf-magazin.de,news
bringmeister.de,other
agrarheute.com,news
wmf.com,shopping
biomagazin.de,health
moviepanel.de,survey
jugendherberge.de,other
handball-world.news,news
vet-concept.com,shopping
appen.io,survey
moviepilot.de,news
blitzrechner.de,work_related
oeffentlicher-dienst-news.de,news
kickstarter.com,other
american-spirit.de,other
epochtimes.de,news
berliner-rundfunk.de,entertainment
west.de,other
op-online.de,news
qmee.com,survey
post.at,shopping
gratis-hausfrau.de,shopping
lotto-berlin.de,gambling
optigrill-magazin.de,other
quiksilver.de,shopping
enbw.com,other
tesla.com,shopping
marktspiegel.de,news
tagesgeldvergleich.net,other
kiwi-verlag.de,shopping
wise.com,other
promi-eventfotos.de,news
archivportal-d.de,search
umfrageonline.com,work_related
nuernberg.de,other
trendtours.de,shopping
amorelie.de,shopping
bundesnetzagentur.de,other
thetrainline.com,other
hvv.de,other
mtb-news.de,news
vrs.de,other
der-kleine-ice.de,games
mobil-krankenkasse.de,health
hengstenberg.de,other
angelsport.de,shopping
karussell.de,other
posteo.de,work_related
hoerzu.de,news
combi.de,shopping
gutscheinbuch.de,other
edogs.de,shopping
lets-cml.de,other
bonita.de,shopping
lesejury.de,social_media
mia-moda.de,shopping
deichstube.de,news
revolutionrace.com,shopping
vital.de,health
voissy.com,survey
collectors-junkies.com,shopping
rausgegangen.de,news
entertainment-base.de,news
happy-size.de,shopping
stellplatz.info,other
lancome.de,shopping
meinungsager.de,survey
atlasformen.de,shopping
instyle.de,other
notino.de,shopping
threadreaderapp.com,social_media
miniatur-wunderland.de,other
dachzeltnomaden.com,other
1-2-3.tv,shopping
finanzcheck.de,other
ksta.de,news
budrich.de,work_related
bergfex.at,other
doctolib.de,health
frankonia.de,shopping
nexusmods.com,entertainment
zaubermix.de,other
apfeltalk.de,news
commerzbank.de,other
kaenguru-online.de,other
marc-o-polo.com,shopping
bundesliga.com,news
bat.de,work_related
tantefanny.at,other
bravo.de,news
tausendkind.de,shopping
mindfactory.de,shopping
aachener-zeitung.de,news
geniesse-das-herzklopfen.de,shopping
flyeralarm.com,shopping
sparda-hessen.de,other
autozeitung.de,news
wgv.de,other
blinker.de,news
fahrrad-xxl.de,shopping
medicom.de,shopping
waterdrop.de,shopping
bundesanzeiger.de,other
gemeinsame-momente-erleben.de,other
spa-dich-fit.de,other
mz.de,news
atu.de,shopping
readersdigest.de,health
idealo.at,shopping
cos.com,shopping
studis-online.de,work_related
gewinnarena.de,other
witt-weiden.de,shopping
wertgarantie.de,other
topcashback.de,shopping
ariva.de,news
snocks.com,shopping
deutsche-weihnachtsmaerkte.de,news
1822direkt.de,other
enyaq-forum.de,social_media
liveshopping-aktuell.de,shopping
winfuture.de,news
petspremium.de,shopping
campingwagner.de,shopping
waschguru.de,shopping
peta.de,other
vivara.de,shopping
printables.com,other
pflege.de,other
travelcircus.de,other
skoda-connect.com,other
carwow.de,shopping
envivas.de,other
molecaten.de,other
volkswagen.de,shopping
badoo.com,messaging
etoro.com,work_related
blick.ch,news
seat.de,shopping
cupraofficial.de,other
vorsprung-online.de,news
desmaakbeleving.nl,shopping
airbnb.de,other
gartengemuesekiosk.de,shopping
gold.de,other
toyota.de,shopping
thomas-philipps.de,shopping
peters-pralinen.de,shopping
stricksner-automotive.com,shopping
chili-shop24.de,shopping
lg.com,other
sgd.de,work_related
aquarienpflanzen-shop.de,shopping
kopp-verlag.de,shopping
ipsos-meb.de,work_related
buerger-geld.org,other
amberscript.com,work_related
playmsn.com,work_related
lightinthebox.com,shopping
sparkasse-holstein.de,other
derstandard.at,news
mix-dich-gluecklich.de,social_media
merkur-sports.de,gambling
eporner.com,adult
gettyimages.de,work_related
jokers.de,other
sevdesk.de,work_related
hdzog.com,adult
mallorcazeitung.es,news
ashemaletube.com,adult
hotmovs.com,adult
ingame.de,other
flashscore.de,news
weather.com,other
pixabay.com,work_related
allgaeuer-zeitung.de,news
alotporn.com,adult
merkheft.de,shopping
1001spiele.de,games
ultimate-guitar.com,entertainment
talu.de,other
quopinion.com,survey
wattpad.com,social_media
dslbank.de,other
lobstertube.com,adult
maturetube.com,adult
freieporno.com,adult
celebjihad.com,adult
chaturbate.com,adult
onlyfans.com,adult
e-rewards.de,survey
mystery-shopping-and-more.de,work_related
fiverr.com,work_related
vr.de,other
bw-online-shop.com,shopping
brack.ch,shopping
meinprospekt.de,shopping
octopusenergy.de,other
google.at,search
bbbank.de,other
wmn.de,other
schlaukopf.de,work_related
jackpotpiraten.de,other
wunderino.de,other
merkur24.com,games
fapello.com,adult
vk.com,social_media
sendasmile.de,shopping
myboshi.net,shopping
garnstudio.com,other
geschenkidee.de,shopping
depositphotos.com,work_related
kicktipp.de,gambling
daily-stuff.com,news
weddingstyle.de,other
cheapenergy24.de,other
lovelybooks.de,other
weltfussball.de,news
winamax.de,other
stargames.de,other
steuertipps.de,other
madeleine.de,shopping
projekt-gutenberg.org,entertainment
deutsche-digitale-bibliothek.de,search
reuter.de,shopping
poetschke.de,shopping
kleineprints.de,shopping
glossybox.de,shopping
party.de,shopping
staupitopia-zuckerfrei.de,shopping
ablesen.de,other
smart-rechner.de,other
fussballdaten.de,news
raetseldino.de,work_related
sewsimple.de,shopping
youngliving.com,shopping
wlkmndys.com,shopping
moventi.de,work_related
fossil.com,shopping
elbphilharmonie.de,shopping
kuriositaetenladen.com,other
familie.de,news
spruechetante.de,other
foodwithlove.de,other
porntop.com,adult
colorline.de,other
tcworks.net,work_related
liebherr.com,shopping
espncricinfo.com,entertainment
autohero.com,shopping
amor.de,work_related
gog.com,entertainment
uk-erlangen.de,health
medipreis.de,health
bestware.com,shopping
boerse-frankfurt.de,news
selket.de,other
reifendirekt.de,shopping
24auto.de,news
schnaeppchenfuchs.com,shopping
upday.com,news
ligainsider.de,news
traum-ferienwohnungen.de,other
dm-toys.de,shopping
pcgameshardware.de,shopping
istockphoto.com,work_related
drehscheibe-online.de,news
sonderpreis-baumarkt.de,shopping
stackoverflow.com,work_related
kvv.de,other
edeka24.de,shopping
reviersport.de,news
rehakliniken.de,other
epubli.com,work_related
curseforge.com,games
setlist.fm,news
theguardian.com,news
amboss.com,other
reallifediy.com,other
betten.de,shopping
schmatzepuffer.com,shopping
berliner-sparkasse.de,other
finanzen100.de,news
shirtinator.de,shopping
bonsai-mystery.com,other
itdoesnttastelikechicken.com,other
chiemgau24.de,news
hallowelt.com,survey
bluespice.com,work_related
schnittberichte.com,news
9to5google.com,news
3dcenter.org,social_media
au-ja.de,news
betanews.com,news
ht4u.net,news
hardwareluxx.de,news
guru3d.com,news
station-drivers.com,news
neowin.net,news
nickles.de,social_media
onetz.de,news
gigabyte.com,other
dashnet.org,games
techpowerup.com,news
tomshardware.com,news
worldtimebuddy.com,other
lotto24.de,gambling
jackpot.de,other
bbb-bayern.de,news
grillsportverein.de,social_media
manualslib.de,other
forum-3dcenter.org,social_media
funxd.site,entertainment
deskmodder.de,news
mi.com,shopping
hd-source.to,entertainment
xdaforums.com,social_media
louispoulsen.com,other
dkv.com,health
planet-wissen.de,entertainment
xn--deinglckstag-ilb.de,survey
freestylelibre.de,health
egmont-shop.de,shopping
fanfiktion.de,entertainment
promiflash.de,news
wish.com,shopping
ullapopken.de,shopping
jobruf.de,work_related
ferienwohnungen.de,other
mirjan24.de,shopping
info-magazine.de,other
moebel-boss.de,shopping
sommerparty-erleben.de,other
karrierebibel.de,work_related
greedyfinance.com,news
arlafoods.de,other
klinikbewertungen.de,health
swrfernsehen.de,news
schlager.de,news
mopo.de,news
ksk-koeln.de,other
tlc.de,entertainment
skandinavien.de,work_related
targobank.de,other
meyer-menue.de,shopping
wowtv.de,entertainment
urlaubstracker.de,other
roompot.de,other
lotto-blitzmail.com,other
pnp.de,news
moebel-eins.de,shopping
dorlingkindersley.de,shopping
monte-mare.de,other
vamos-schuhe.de,shopping
ich-tanke.de,news
clarks.eu,other
bretagne-reisen.de,other
neuepresse.de,news
www1.online,other
meinschiff.com,other
startseite24.net,search
formulare-bfinv.de,other
angebotszeit4u.com,other
omsystem.com,work_related
mymuesli.com,shopping
aboalarm.de,work_related
hamburg-magazin.de,news
burda.com,other
sterne-rewe.de,shopping
alandstamps.com,shopping
edeka-lieblingsmenschen.de,other
tuerchen.app,work_related
condor.com,other
taruk.com,other
sandberg.world,shopping
vfl-bochum.de,news
sskm.de,other
dallmayr.com,shopping
psd-berlin-brandenburg.de,other
psd-karlsruhe-neustadt.de,other
psd-west.de,other
spielpunkt.net,news
gev-versicherung.de,other
festool.de,shopping
vorablesen.de,shopping
holidayland.de,other
webfail.com,entertainment
dedoles.de,shopping
boardgamegeek.com,games
nissan.de,shopping
team7-home.com,other
heike-store.com,shopping
lokalmatador.de,news
vodafonemail.de,work_related
karlsruhe-insider.de,news
handelsblatt-leserquiz.de,survey
audi.de,other
manga-passion.de,entertainment
sixt.de,shopping
rentalcars.com,shopping
vice.com,news
bavariadirekt.de,other
kinogo.biz,entertainment
fck.de,news
fameonme.de,work_related
saal-digital.de,shopping
vistaprint.de,shopping
online-audio-converter.com,entertainment
ya.ru,search
meduza.io,news
192.168.0.1,other
hausgarten.net,other
online-umwandeln.de,work_related
frankfurter-volksbank.de,other
stewa.de,other
sat24.com,other
immobilo.de,other
buswelt.de,other
hr4.de,news
surveysconnect.com,survey
webcamgalore.de,other
niederschlagsradar.de,other
wien.info,other
ffh.de,news
ssb-ag.de,other
renault-bank-direkt.de,other
sparda-bw.de,other
zoll-portal.de,other
klinikum-stuttgart.de,health
tinder.com,social_media
consorsbank.de,other
trader-boersenspiel.de,news
sg-zertifikate.de,news
lebkuchen-schmidt.com,shopping
tarifcheck-partnerprogramm.de,work_related
thehalara.de,shopping
tails.com,shopping
andasa.com,shopping
degiro.nl,other
odysee.com,entertainment
secretescapes.de,other
wellnesshotel24.de,other
fencewithfun.com,shopping
mein-wohnen.com,shopping
preis.de,other
volksbank-niedersachsen-mitte.de,other
maedchenflohmarkt.de,shopping
lebensfreunde.de,messaging
last.fm,entertainment
redtube.com,adult
paramountplus.com,entertainment
nhl.com,news
vrr.de,other
werder.de,news
nrw.schule,other
ign.com,news
psychologie-heute.de,health
film.at,entertainment
devk.de,other
stonewars.de,news
berlin-welcomecard.de,other
squarespace.com,work_related
akademie-lernpaedagogik.de,work_related
markenmehrwert.com,survey
bewerbung-forum.de,work_related
alltours.de,other
forgeofempires.com,games
dyn.sport,entertainment
polygon.com,news
scheideanstalt.de,shopping
online-stellenmarkt.net,work_related
localhost.,other
maingau-energie.de,other
landkreisleipzig.de,other
kurz-mal-weg.de,other
thecomic-box.de,shopping
ruhrtopcard.de,other
medicalmatters.com,health
pinterest.at,social_media
servustv.com,entertainment
ebook.de,shopping
azubiyo.de,work_related
3sat.de,entertainment
spiele-offensive.de,games
meinauto.de,shopping
dis-ag.com,work_related
bewerbung.net,work_related
litcologne.de,other
spielmit.com,games
farmerama.com,games
digitalbilderrahmen.de,shopping
filzhausschuh.de,shopping
xerox.de,work_related
you-porn.com,adult
rsag-online.de,other
quiz-lounge.com,entertainment
startfenster.de,other
youporn.com,adult
partner-ab-40.de,social_media
glas-star.de,shopping
glas-selection.de,shopping
selgros.de,shopping
travelsbroker.com,other
jbonamassa.com,other
railnation.de,games
railnation-game.de,games
ayumilove.net,other
moevenpick-wein.de,shopping
delta.com,other
hr1.de,news
deref-1und1-02.de,other
spieletipps.de,news
cityguide-rhein-neckar.de,news
vvrbank-krp.de,other
hartmanndirect.com,shopping
bigglobaltravel.com,other
studocu.com,work_related
goodreads.com,other
melia.com,other
a-rosa.de,other
wardow.com,shopping
stories.com,shopping
thingiverse.com,work_related
hobbybaecker.de,shopping
thedaddest.com,news
international-bahn.de,other
jp1880.de,shopping
kiehls.de,shopping
aran.com,shopping
backmarket.de,shopping
esmark.de,other
alza.de,shopping
uol.de,work_related
reemtsma.com,other
mona.de,shopping
bauknecht.com,other
sani-fuchs.de,health
cesarskieogrody.pl,other
webid-gateway.de,other
glaeubigerinformation.de,other
lubera.com,shopping
matratzenschutz24.net,shopping
matnext.de,shopping
mkm-matratzen.de,other
hansecloud.org,other
gesunde-matratzen.de,shopping
brunosoehnle-glashuette.com,shopping
mrthamburg.de,health
moebel24.de,shopping
olivenoel-onlineshop.com,shopping
lanzaloe.com,shopping
fotoparadies.de,shopping
muddyangelrun.com,other
hometesterclub.com,shopping
lebenslaufdesigns.de,work_related
radissonhotels.com,other
astro.com,other
sparkasse-stade-altes-land.de,other
giesow.de,other
hofastro.com,other
ruthsiegenthaler.net,other
astrologie-schule-bremen.de,other
sarastro.at,other
strandkorbwerk.de,shopping
parship.de,messaging
2ix2.com,entertainment
landundforst.de,news
vhs-stade.de,survey
culinaria-shop.com,shopping
dambiro.de,shopping
bubbleshooter.de,games
yesstyle.com,shopping
niche-beauty.com,shopping
git-survey.com,survey
theordinary.com,shopping
paritaetischer.de,news
artif-webmail.de,other
marktplaats.nl,shopping
zoll-auktion.de,shopping
recordsale.de,shopping
netcologne.de,other
psa-direktbank.de,other
debeka.de,other
hallo.koeln,news
new.de,other
new-energie.de,other
koelnticket.de,shopping
narayana-verlag.de,shopping
am-bramhoff.com,other
baufi24.de,other
wtnet.de,work_related
aufmerksamkeitsforschung.de,survey
fcbinside.de,news
bosch-tiernahrung.de,shopping
squarespace-mail.com,work_related
brother.de,other
doodle.com,work_related
younity.team,other
wohindamit.org,other
about.google,other
aftershipmail.com,other
best-software.de,other
convertkit-mail.com,other
copecart.com,work_related
colorland.com,shopping
l.de,news
wunschgutschein.com,work_related
crucial.de,shopping
lehrerfortbildung-bw.de,work_related
kachelmannwetter.com,other
humblebundle.com,entertainment
thegamer.com,news
startpage.com,search
tripadvisor.com,other
sparkasse-aachen.de,other
akamaihd.net,other
xrel.to,entertainment
limburger.nl,news
futurezone.de,news
mein-mmo.de,news
aktienfinder.net,news
ilovepdf.com,work_related
musik-sammler.de,other
rechtsdokumente.de,work_related
angebot-zu.de,work_related
livetv.sx,entertainment
feedly.com,work_related
iphone-tricks.de,other
lbb.de,shopping
dictum.com,shopping
gravis.de,other
riccardo-zigarette.de,shopping
psychicmonday.com,other
amplifon.com,health
elamigos.site,entertainment
4players.de,news
difmark.com,shopping
innocigs.com,shopping
history-a2z.com,news
aldi-reisemomente.de,other
gamepro.de,news
play3.de,news
fanatical.com,shopping
aspire-shop.de,shopping
greenakku.de,shopping
farming-simulator.com,games
ssyoutube.com,entertainment
kreuzwort-raetsel.net,games
chronopost.fr,other
rapidgator.net,entertainment
ddownload.com,other
fc-koeln.de,news
fc.de,news
sparkasse-dueren.de,other
thenorthface.de,shopping
wilde-alpentouren.de,other
fibs-cloud.de,other
evt-koeln.de,health
fc-fanshop.de,shopping
eveeno.com,other
app-evs2023.de,other
schulportal.de,work_related
4teachers.de,work_related
sncf-connect.com,other
hostelworld.com,other
hihostels.com,other
hifrance.org,other
koeln-city-triathlon.de,other
fussball-em-2024.de,news
fans1991.de,news
cryptpad.fr,other
tradeinn.com,shopping
restauranthavanna.de,other
otelo.de,shopping
cdkeys.com,entertainment
sparkassen-kreditkarten.de,other
penny-del.org,news
brieflaufzeiten.de,work_related
finya.de,messaging
spin.de,messaging
lrworld.com,shopping
lablue.de,messaging
britishairways.com,other
curanto.de,other
transavia.com,other
aircanada.com,other
marktschwaermer.de,work_related
abo-frosch.de,shopping
united.com,other
radioeins.de,entertainment
aerlingus.com,other
singaporeair.com,other
my-hammer.de,other
wizzair.com,other
gls-rtt.com,shopping
hood.de,shopping
energiesparhaus.at,social_media
muenchenticket.de,other
hdi.de,other
entsorgungsbetrieb-mol.de,other
segmueller.de,shopping
vvo-online.de,other
wandern-saechsische-schweiz.de,other
biogena.com,shopping
imoebel24.de,shopping
easymoebel-shop.de,shopping
finmagazin.de,other
eisbaeren.de,news
kaeseparadies.de,shopping
rbb-online-shop.de,shopping
cewe.de,shopping
hellotickets.de,other
unser-stadtplan.de,work_related
ich-geh-wandern.de,other
sonepar.de,shopping
norisbank.de,other
fertighaus.de,other
loansocieties.com,news
troet.cafe,social_media
handyvertrag.de,shopping
wellness-rheinpark-camping.de,other
casinoofgold.com,gambling
luenecamper.de,other
promobil.de,other
duemo-duelmen.de,other
intaste.de,shopping
lueneburger-heide.de,other
alpacacamping.de,other
caraworld.de,shopping
autohaus-koenig.de,shopping
caravancamp-ostseeblick.de,other
camping.info,other
guru-shop.de,shopping
bingbong.de,games
womoguide.de,other
styyl.de,shopping
solarkontor.de,shopping
mika-caravan.de,shopping
elektro-wandelt.de,shopping
zeltespezialist.de,shopping
edampf-shop.com,shopping
loopsterpanel.com,survey
uebermedien.de,news
howoge.de,other
betterplace.org,other
donnerwetter.de,other
daisurvey.com,survey
strava.com,other
yogaeasy.de,health
sendmoments.de,shopping
gesobau.de,other
abbahoteles.com,other
freelance.de,work_related
myheritage.de,other
pi-news.net,news
alpenvereinaktiv.com,other
goodgamestudios.com,games
sparkasse-oberhessen.de,other
sparda-bank-hamburg.de,other
foerde-sparkasse.de,other
modelcarworld.de,shopping
drhall.de,shopping
union-investment.de,other
fooody4u.de,shopping
leitstellenspiel.de,games
greenpanthera.com,survey
bandwerk.de,shopping
elkline.de,shopping
faehre.de,other
hellyhansen.com,shopping
chiemsee.com,shopping
theoremreach.com,survey
ankers-hoern.de,other
connectopinions.de,survey
shoptalkgroup.com,social_media
tabakland.de,shopping
studienkreis.de,work_related
proton.me,work_related
buyzoxs.de,shopping
travel-center-fehmarn.de,other
the-british-shop.de,other
fehmarn-ferienwohnungen.com,other
fehmarn-travel.de,other
burlington.de,shopping
ostseeurlaub.de,other
boersen-zeitung.de,news
lynxbroker.de,other
falk.de,other
daily-choices.com,news
zyngagames.com,games
verbund.edeka,other
twitterperlen.de,social_media
betterplace.me,other
photografix-magazin.de,news
oeger.de,other
signal-iduna.de,other
danfoss.com,other
gant.de,shopping
bundesliga-streams.net,entertainment
uksh.de,work_related
theinsidersnet.com,shopping
4kporn.xxx,adult
weisshaus.de,shopping
on-running.com,shopping
windfinder.com,other
beiersdorf.de,other
cookidoo.de,other
calvinklein.de,shopping
pixelfederation.com,games
liquipedia.net,social_media
qidi3d.com,shopping
extrudr.com,shopping
3djake.de,shopping
photovoltaikforum.com,social_media
hit.de,shopping
wahl-o-mat.de,survey
arcamax.com,news
windowspro.de,work_related
gruendl.com,shopping
biomarkt.de,shopping
lotto-niedersachsen.de,gambling
fairtrade-advent.org,other
tradingmasters.de,work_related
trinkgut.de,other
gronkh.tv,entertainment
ioff.de,news
bigfishgames.com,games
myspass.de,entertainment
beastmode-germany.de,shopping
campus-tuete.de,shopping
korodrogerie.de,shopping
miro.com,work_related
ampproject.org,work_related
menti.com,survey
colnect.com,shopping
marc-lang.de,other
delcampe.net,shopping
filmfans.org,entertainment
serienfans.org,entertainment
filecrypt.cc,other
generali.de,other
google.fr,search
myfolie.com,shopping
boerse.cx,social_media
myboerse.bz,social_media
warez-world.org,entertainment
data-load.in,entertainment
ddl-warez.cc,entertainment
turbobit.net,entertainment
nitroflare.com,other
finanzfluss.de,other
notube.cc,other
fanatics.de,news
adsbexchange.com,other
druckerchannel.de,news
kvraudio.com,other
12ft.io,other
pik-potsdam.de,news
justiz.de,other
mail.de,work_related
hhu.de,work_related
chess.com,games
schachbund.de,news
quizlet.com,work_related
dajolens.de,other
nn.de,news
gettyimages.ch,work_related
literaturschock-forum.de,social_media
parad.de,other
customer-alliance.com,work_related
marktstammdatenregister.de,other
republik.ch,news
pixum.de,shopping
verwoehnwochenende.de,other
svscomics.com,adult
literotica.com,adult
imagefap.com,adult
f95zone.to,adult
latamairlines.com,other
libgen.is,entertainment
motherless.com,adult
xnxx.com,adult
nudevista.com,adult
xfreehd.com,adult
tumbex.com,search
youjizz.com,adult
ixxx.com,adult
tumblrgallery.xyz,adult
romcomics.net,adult
florenfile.com,other
archiveofourown.org,entertainment
noodlemagazine.com,adult
volkswagenstiftung.de,other
pornpics.com,adult
pictoa.com,adult
faptitans.com,adult
hclips.com,adult
homepornking.com,adult
tubegalore.com,adult
pornkai.com,adult
aznude.com,adult
pornderful.ai,adult
whoreshub.com,adult
travlerz.com,other
freeporn8.com,adult
bsky.app,social_media
porngals4.com,adult
analpics.com,adult
4tube.com,adult
nakedteens.fun,adult
erocurves.com,adult
heroero.com,adult
meinungswelt.de,survey
reishunger.de,shopping
luebecker-bucht-ostsee.de,other
sparkasse-spree-neisse.de,other
filepuma.com,other
vonkopfbisfuss.de,shopping
willhaben.at,shopping
parfumsclub.de,shopping
prettynailshop24.de,shopping
freecash.com,work_related
amateurcommunity.de,adult
moderationinterface.com,other
amateurcommunity.com,adult
click-learn.info,survey
musio.co,entertainment
steuergo.de,other
loot.tv,entertainment
aspies.de,news
tapresearch.com,survey
nurxxx.xxx,adult
mygully.com,social_media
produkttester-anmeldung.com,other
lopoas.com,shopping
zizzi.de,shopping
ottoversand.at,shopping
vidavida.de,health
saalesparkasse.de,other
schwanzvergleich.com,social_media
crunchyroll.com,entertainment
bondora.com,other
loewenanteil.com,health
mailbox.org,other
telefon-treff.de,social_media
reiseschein.de,other
rhinoshield.de,shopping
persofoto.de,work_related
tabakguru.de,shopping
boyfriendtv.com,adult
xhamster2.com,adult
spielaffe.de,games
nespresso.com,shopping
goldesel.bz,entertainment
possling.de,other
y2down.cc,other
skylinetv.live,entertainment
gmx.com,news
urbansportsclub.com,health
senf.de,shopping
stihl.de,shopping
voyage-prive.de,other
harzinfo.de,other
animod.de,other
mintos.com,other
codenames.game,games
serienjunkies.org,entertainment
fetisch.de,adult
premiumize.me,entertainment
chaturbate.eu,adult
pornsaver.net,adult
bundlehunt.com,work_related
convertr.org,other
utorrent.com,other
mewe.com,social_media
9gag.com,social_media
formel1.de,news
motorsport-total.com,news
schweitzer-online.de,shopping
beck-elibrary.de,work_related
tu.berlin,other
oecd.org,news
fiooba.de,other
michverlieben.com,messaging
zenmarket.jp,shopping
crazyxxx3dworld.com,adult
bildschirmarbeiter.com,other
aniworld.to,entertainment
controlbit.net,work_related
hero-wars.com,games
anisearch.de,news
hdh-voba.de,other
petiteknit.com,shopping
filati.cc,shopping
meinfilati.de,shopping
mostbauer.de,shopping
craftery.de,shopping
lego-geschenkezeit.de,shopping
spk-aschaffenburg.de,other
byte.to,entertainment
movieblogarea.com,entertainment
gamblejoe.com,other
jawoll.de,shopping
puelladufte.de,shopping
yoursclothing.de,shopping
wc-ente-aktion.de,other
tiierisch.de,shopping
nima4k.org,entertainment
mdh.to,adult
filecrypt.co,other
faktastisch.de,news
franken-gedenkt.de,news
vkb.de,other
vrbank-bayreuth-hof.de,other
sparkasse-hochfranken.de,other
deka.de,other
megabad.com,shopping
azv-hof.de,other
sammler.com,other
xmas4u.de,other
oper-leipzig.de,other
ikarus.de,shopping
shop-merchroadie.de,shopping
1822direkt-banking.de,other
emk.com,shopping
historia-hamburg.de,shopping
emuenzen.de,shopping
muenzkurier.de,shopping
leuchtturm.de,shopping
hvv-deutschlandticket.de,other
bahnblogstelle.com,news
pepxpress.com,other
shopmate.eu,shopping
btn-muenzen.de,shopping
wopa-plus.com,shopping
nordfrim.com,shopping
briefmarken-sieger.de,shopping
dieblaue24.com,news
degussa-bank.de,other
speed-magazin.de,news
quoka.de,shopping
schimmershop.de,shopping
stempel-fabrik.de,shopping
medpets.de,shopping
gamingnewstime.de,news
ippen.media,news
vipflash.de,news
soo-healthy.com,other
haspa.de,other
louisenhof.de,news
giessener-allgemeine.de,news
anglerboard.de,other
outdoor-renner.de,shopping
hertz.de,shopping
starcar.de,shopping
m3panel.dk,survey
wundermix.de,shopping
stoffe.de,shopping
panelopinea.de,survey
roblox.com,games
fastfoodpreise-info.de,other
aquila-secure.com,other
goneo.de,work_related
rethinkstyle.com,news
learnitwise.com,other
boschiesblog.de,other
euros-4-mails.de,survey
g5e.com,games
pornohirsch.net,adult
hitradio-rtl.de,entertainment
nurxxx.com,adult
192.168.2.1,other
dmax.de,entertainment
deutschetitten.net,adult
sexerotischegeschichten.com,adult
pornohammer.com,adult
deinreisemagazin.de,other
deutscherflirtbook.com,adult
boardgamearena.com,games
generateclicks.de,other
dvb.de,news
xxlpool.de,work_related
dreamlines.de,other
happyhunde.de,news
metager.de,search
kanarenmarkt.de,news
deutsches-ehrenamt.de,other
heubach-edelmetalle.de,shopping
anwaltauskunft.de,other
eclipso.de,work_related
jaloucity.de,shopping
rt.com,news
ruhrescape.de,entertainment
omegle.com,entertainment
desenio.de,shopping
shape-republic.com,health
gusti-leder.de,shopping
paidmailcity.de,work_related
dealonkel.de,shopping
rsu.de,shopping
wirb-oder-stirb.eu,work_related
reifentiefpreis.de,shopping
enviam.de,other
reifen.com,shopping
gamivo.com,shopping
pluto.tv,entertainment
firma.de,work_related
andrerieu.com,other
my-lrworld.com,health
gay.de,messaging
paidviewpoint.com,survey
lotty.de,gambling
bankonbet877862.com,other
familywall.com,work_related
stemaro-magic.de,shopping
ich-lerne-zaubern.de,work_related
haz.de,news
magic-factory.de,shopping
solar-photovoltaik-shop.de,other
fronius.com,work_related
solarweb.com,other
volksbank-mittleres-erzgebirge.de,other
jetzt.de,news
argetra.de,work_related
photovoltaik4all.de,shopping
merten.de,shopping
energiespeicher-online.shop,shopping
jacques.de,shopping
kfzteile24.de,shopping
diesiedleronline.de,games
familysearch.org,other
eyesandmore.de,shopping
stepstone.at,work_related
digitec.ch,shopping
digital-eliteboard.com,social_media
edelmetall-handel.de,shopping
myid.canon,other
enni.de,other
pornosauna.net,adult
sunporno.com,adult
zbporn.com,adult
drtuber.com,adult
xozilla.com,adult
schoeck.com,other
haertle.de,shopping
avl-investmentfonds.de,other
meinebank.de,other
assetorb.com,shopping
trauer-anzeigen.de,news
amateur8.com,adult
sortporn.com,adult
beeg.com,adult
interpals.net,social_media
foodisinthehouse.com,other
foodsharing.de,other
ego4u.de,work_related
brille24.de,shopping
einfach-tasty.de,other
tierchenwelt.de,other
eventfinder.de,search
sparkasse-nuernberg.de,other
sparkasse-oberlausitz-niederschlesien.de,other
fonic-mobile.de,other
porn-plus.com,adult
alzheimer-bw.de,health
keeplocal.de,shopping
sparda-n.de,other
n-ergie.de,other
schloss-thurn.de,other
victors.de,other
kisseo.de,shopping
spielesite.com,games
howrse.de,games
diamir.de,other
jasbee.de,messaging
dieneue1077.de,news
fanslave.de,survey
82.220.37.16,other
stars-insight.com,social_media
aktuell-verein.de,other
wittyreporter.com,news
henkel.de,other
sparkasse-hannover.de,other
wellboni.de,work_related
wigwam-tours.de,other
tourcompass.de,other
viventura.de,other
gauchotours.de,other
hauser-exkursionen.de,other
trails-reisen.de,other
schulz-aktiv-reisen.de,other
djoser.de,other
rotel.de,other
sponsor24.de,other
mylittlefarmies.de,games
up-pay.com,shopping
movito.fit,shopping
gutscheinspruch.de,other
geburtstagswelt.de,other
hermes.com,shopping
indojunkie.com,news
geenstijl.nl,news
buttkicken.nl,shopping
z2u.com,shopping
slitherine.com,shopping
wowhead.com,news
ok.ru,social_media
memorypc.de,shopping
oberstiegalpe.de,other
sunnyportal.de,other
101boyvideos.com,adult
sunnyportal.com,other
1boyz.com,adult
amateurboyscams.com,adult
wunderground.com,other
uhrforum.de,social_media
yboys.net,adult
ysense.com,survey
startparadies.de,social_media
paidlikes.de,survey
ebesucher.de,survey
gamcore.ch,adult
poppen.de,adult
dihk-bildung.shop,work_related
ausbildung.de,work_related
azubi.de,work_related
xvideos3.com,adult
jobworld.de,work_related
punishworld.com,adult
buoyhealth.com,health
cover.info,entertainment
cashspace.de,survey
privatelink.de,other
selber-machen-homepage.de,work_related
dutchycorp.space,other
erfahrungsportal.de,other
aktuelle-auto-news.de,news
news-und-nachrichten.de,news
rsa-sachsen.de,entertainment
deinfreizeitmagazin.de,other
kurznachrichtenplus.de,news
freizeit-haus-und-garten.de,news
schoener-fernsehen.com,adult
reise-und-urlaubsziele.de,news
deinautomagazin.de,news
freebitco.in,other
mungfali.com,search
visualvest.de,work_related
xcafe.com,adult
anysex.com,adult
filmpalast.to,entertainment
bs.to,entertainment
ok.xxx,adult
anyporn.com,adult
empflix.com,adult
viptube.com,adult
pixiv.net,work_related
ok.de,other
tubepornclassic.com,adult
pornlib.com,adult
definebabe.com,adult
ds2play.com,work_related
imgsrc.ru,work_related
searchgoose.com,other
bos-fahrzeuge.info,other
bol.de,shopping
mynewtab.co,search
powermails.de,survey
ospa.de,other
filmix.ac,entertainment
mail.ru,work_related
lueftungsfabrik.de,shopping
volksbank-stuttgart.de,other
oups.com,shopping
last-minute-gewinnspiele.de,other
memolife.de,shopping
2ix2tv.de,entertainment
brandible.de,shopping
supercitygame.com,games
fernakademie-klett.de,other
httv.de,news
mytischtennis.de,news
contra.de,shopping
vrm-trauer.de,other
spuelenprofi.de,shopping
hs-scene.to,other
streamtape.com,entertainment
psaugourtauy.com,other
pornspan.com,adult
gsgrebenstein.de,work_related
lehrerrundmail.de,work_related
m2p.com,games
prosenis.de,health
viaprinto.de,shopping
net-a-porter.com,shopping
dbsv.org,health
blindenverband.org,news
aok-bv.de,news
deutsche-stiftung-engagement-und-ehrenamt.de,work_related
servethecity-hannover.de,news
edreams.de,other
hw-hannover.de,other
eb.de,other
orthopaedieamraschplatz.de,health
ilpiccioloetnagolfresort.com,other
gkv-selbsthilfefoerderung-nds.de,health
okmobility.com,shopping
hannover-hairconcept.de,other
noon-hair.de,other
freiwilligenserver.de,work_related
gooding.de,shopping
mietmeile.de,other
behindertenbeauftragte-niedersachsen.de,health
kanuverleih-hannover.de,shopping
stelleninfos.de,work_related
stiftungen.org,news
npo-digitalcamp.org,work_related
monbeck.de,shopping
meindenns.de,shopping
aspria.com,health
nbank.de,other
lukn.de,news
prettyorange.de,shopping
kaffeehenk.de,shopping
easy.box,other
firmoo.de,shopping
ford-koegler.de,shopping
kadaza.de,other
wpk.de,news
cube.eu,other
sellerforum.de,work_related
gametwist.com,games
wildlands.de,other
sparda-sw.de,other
proplanta.de,news
lululemon.de,shopping
gls-online-filiale.de,other
stuttgarter-lachschule.de,health
sonne-im-herzen.net,health
vhs-bruchsal.de,work_related
managerseminare.de,work_related
pilates-dani.de,health
joyclub.de,adult
jphrs-waghaeusel.de,work_related
astradirect.de,other
awwk-karlsruhe.de,work_related
tvforen.de,social_media
lernwolf.de,work_related
sbk.org,health
target-nehberg.de,news
getfvid.com,other
goslarsche.de,news
sx-websolutions.eu,other
getcheex.com,adult
ksk-bautzen.de,other
roccipix.de,other
mt07-forum.de,social_media
eronity.com,adult
psnprofiles.com,social_media
scnlog.me,entertainment
mirrorace.org,entertainment
doodrive.com,entertainment
nextgenupdate.com,social_media
nox.to,entertainment
boerse.sx,social_media
canna-power.to,entertainment
gload.to,entertainment
zaubereinmaleins-shop.de,shopping
psxtools.de,social_media
nsw-roms.com,entertainment
woowebtools.com,other
fitgirl-repacks.site,entertainment
g4u.to,entertainment
comicmafia.to,entertainment
vetspanel.com,survey
blistex-geld-zurueck-garantie.de,shopping
vet-webinar.com,work_related
thewebinarvet.com,work_related
vetion.de,work_related
solehotels.de,other
vobakl.de,other
homoeopathie-lauer.de,health
werzalit.com,shopping
robusta-fenster.de,other
plexiglas-shop.com,shopping
wideanglesoftware.de,work_related
ininger-haustechnik.de,other
folgner-rolladen.de,other
rolladenplanet.de,shopping
chuwi.com,shopping
wernerlocher.de,other
gsk.de,survey
roechling.com,work_related
fiskars.com,shopping
trespa.com,other
cherubini-group.de,work_related
liebensteiner-shop.de,shopping
zak-kl.de,work_related
gpe-shop.de,shopping
hq-patronen.de,shopping
feuerwehrversand.de,shopping
pauls-muehle.de,shopping
lila-wie-liebe.de,other
12gebrauchtwagen.de,shopping
spoticar.de,shopping
globo-lighting.com,shopping
berliner-katzenschutz.de,other
componata.de,shopping
historische-zeitungen.de,shopping
niemand-optik.de,other
vater-sanitaer.de,other
mytostarica.com,shopping
manualsdir.com,search
idealwork.de,other
bzaek.de,health
puppybear.tv,entertainment
tiervermittlung.de,other
idealista.com,shopping
fuerteventurazeitung.de,news
zooplus.es,shopping
homeovet.eu,shopping
katia.com,shopping
felgenoutlet.de,shopping
wollplatz.de,shopping
samenhaus.de,shopping
spitzetitten.net,adult
nici.de,shopping
nacktepaare.net,adult
germanfucktube.net,adult
myreadit.com,entertainment
orgasmusporn.net,adult
bk-trier.de,health
olb.de,other
courleys.de,work_related
firlefanz-schnittmuster.de,shopping
stampinup.com,shopping
lybstes.de,shopping
codetwo.de,work_related
vvrb.de,other
voba-online.de,other
prozubi.de,work_related
bildung-ihk-oselgb.de,work_related
modern-banking.de,other
vrbank-altenburgerland.de,other
phoenixreisen.com,other
thuesac.de,other
spk-chemnitz.de,other
cardmarket.com,shopping
boozyshop.de,shopping
essence.eu,shopping
w,work_related
thesaurus.com,games
jappy.com,social_media
violey.com,shopping
minecraftskins.com,games
hautschutzengel.de,other
infotip-rts.com,other
modellbahnunion.com,shopping
nudevista.net,adult
pathofexile.com,games
gestalterbank.de,other
autostadt.de,other
tirendo.de,shopping
erfurtfanshop.de,shopping
schulportal-thueringen.de,work_related
khanacademy.org,work_related
therootbrands.com,shopping
honeygain.com,work_related
beianrufsex.com,adult
schrebergartenverein-brasilien.de,other
spkhb.de,other
gartenfreunde-lueneburg.de,other
halloporno.net,adult
just.porn,adult
german-porno-deutsch.info,adult
pornotom.com,adult
erotischesexgeschichten.club,adult
vagosex.xxx,adult
pornolisa.com,adult
pornojenny.net,adult
nichebeautylab.com,shopping
lebenslauf.com,work_related
naughtynuts.de,shopping
ubs.com,other
apfelband.de,work_related
dasbernsteinzimmer.com,shopping
michaelpage.de,work_related
dbnetze.com,other
mybag.aero,other
fgs-frankfurt.de,other
multi-chat-platform.com,messaging
xn--zeichenzhler-ncb.de,work_related
sparkasse-alk.de,other
idates.com,messaging
nightflirter.com,adult
machdudas.de,work_related
livefresh.de,shopping
bareinternational.eu,survey
thea3b.com,shopping
de-mail.info,work_related
reserved.com,shopping
zalando.at,shopping
op.gg,games
die-autodoktoren.tv,shopping
firemail.de,work_related
indeed.de,work_related
vmz-niedersachsen.de,news
con-nect.de,news
deister-echo.de,news
sn-online.de,news
poeppelkiste.de,news
cliquenabend.de,news
hall9000.de,news
familiara.de,health
heikeskartenwerkstatt.de,shopping
milan-spiele.de,shopping
diymode.de,other
mietrecht.org,other
einemillionsatoshi.de,work_related
system-matters.de,other
comicforum.de,social_media
luding.org,entertainment
goldankauf-ge.de,shopping
sudoku-knacker.de,games
4familii.de,news
outnow.ch,news
campari-erleben.de,other
reiseplaza.de,other
bestofgleam.com,news
gleamdb.info,other
sudoku17.de,games
freitest.de,work_related
umfrageheld.de,survey
naturgucker.de,social_media
wasliestdu.de,news
boerse-stuttgart.de,other
brauerei-rapp.de,shopping
mybook.to,search
132.176.75.221,other
n-mag.org,other
rwi-essen.de,work_related
ombotanical.com,shopping
iomoio.com,entertainment
thexxx.tv,adult
darkcategories.com,adult
teen-erotic.net,adult
rapetube.me,adult
xpornee.com,adult
fucksporn.com,adult
rapelust.com,adult
freakingsex.com,adult
rumporn.com,adult
xxxyy.ru,other
mixretro.com,adult
pornovergewaltigung.pro,adult
voyeur-house.tv,adult
freeporno.tv,adult
mixirlol.pw,other
xxxstayhome.com,adult
fap2bed.com,adult
taongafarm.com,games
voba-rheinahreifel.de,other
msn.de,news
spritmonitor.de,other
quizworld.de,games
okcupid.com,adult
48-stunden-neukoelln.de,entertainment
daydreams.de,other
sparkasse-karlsruhe.de,other
leitner-reisen.de,other
craftbeer-shop.com,shopping
catinaflat.de,other
sh-netz.com,other
1und1.tv,entertainment
coeo-inkasso.de,other
ausdrucken.eu,other
vbdonw.de,other
cactus-search.com,search
neumuenster.de,other
sfxgateway.com,other
glaeserundflaschen.de,shopping
services-publics.lu,other
kox-direct.de,shopping
machdeineis.de,shopping
efko-spezialfarben.com,shopping
graef.de,shopping
ascasa.de,shopping
glaslager.de,shopping
globaltainer.com,other
trier-saarburg.de,news
iurastudent.de,work_related
rb-onw.de,other
wunderbunt.de,other
lerntippsammlung.de,work_related
klassenarbeiten.de,work_related
pgi-shop.de,shopping
jg-muenster.de,other
pornosdeutsch.org,adult
sexpartnercommunity.com,adult
lovliya.de,messaging
erocommunity.com,adult
koelnerzoo.de,other
prozessfabrik-berger.de,other
korbmayer.de,shopping
airbnb.com,other
romsgames.net,entertainment
livegaycams.online,adult
o2mail.de,work_related
delmagyar.hu,news
sparkasse-am-niederrhein.de,other
psd-nuernberg.de,other
xiaomi.eu,social_media
deutschland-barometer.one,survey
onlinefussballmanager.de,games
stockcharts.com,work_related
juracademy.de,work_related
gamefront.de,news
championsclub.de,other
onepiece-tube.com,entertainment
basraasianfood.de,shopping
roland-service.de,other
boost-panel.de,survey
9minecraft.net,games
spiele-umsonst.de,games
mycosta.com,other
rb-new-voh.de,other
btc20.com,work_related
doppel-wobber.de,social_media
geckoterminal.com,work_related
vr-nordoberpfalz.de,other
kultboy.com,other
haustechnik-handrich.de,shopping
xnxx-pornos.xxx,adult
pornoleon.com,adult
skatstube.de,games
metalmerch.com,shopping
beemybear.com,shopping
designbundles.net,work_related
foodjobs.de,work_related
jan-hartwig.com,other
muenchner-sommertheater.de,other
bladenight-muenchen.de,other
brumme.cafe,other
wixhotels.com,other
deutsche-finance-login.de,other
busradar.com,other
ecolines.net,other
luxexpress.eu,other
matkahuolto.fi,other
sevenrooms.com,work_related
televizorus.com,entertainment
michls-allgaeu-metzgerei.de,shopping
shooter-bubble.de,games
stratoserver.net,other
vbbs.de,other
sparkasse-pdh.de,other
lz.de,news
buecher-sale.de,shopping
weru.com,other
mbd.de,other
shyftplan.com,work_related
spk-aic-sob.de,other
uinfootwear.nl,shopping
sparkassen-shop.de,shopping
hotel-deine-auszeit.de,other
sparkasse-hanau.de,other
movieside.de,social_media
visumantrag.de,other
ihk-lehrstellenboerse.de,work_related
dolp-medical.de,health
academicwork.de,work_related
intertek.de,other
jobmensa.de,work_related
gate2home.com,work_related
bewerbungsratgeber24.de,work_related
bewerbung-tipps.com,work_related
aboutyou-outlet.de,shopping
turm-sahne.de,other
ecos-online.de,work_related
gpb-college.de,work_related
jobtimum.eu,work_related
molkerei-ammerland.com,other
dmk.de,other
impuls-personal.com,work_related
timecon.de,work_related
alfatraining.de,work_related
mondelezinternational.com,other
volkswagen-karriere.de,work_related
berlin-chemie.de,health
raibahallertau.de,other
admiraldirekt.de,other
caraudio24.de,shopping
abz-zr.de,health
borna.de,other
orizon.de,work_related
emb-gmbh.de,other
reifen-anton24.de,shopping
tuer-und-zarge.de,shopping
next-episode.net,news
lolesports.com,news
sparkassen-direkt.de,other
london-kurztrip.de,other
magoia.com,games
island-questaway.com,games
petprinted.de,shopping
snautz.de,shopping
gamepoint.com,games
quartsoft.com,games
prodogromania.de,other
datingcafe.de,messaging
lounge777.com,games
skl.de,gambling
forum-speditionen.de,social_media
transgourmet.de,shopping
m-vg.de,other
karriere.at,work_related
euro-fh.de,work_related
jobs-im-allgaeu.de,work_related
balzheim.de,other
triodos-banking.de,other
haas-hauskonfigurator.de,other
onlinestudienzentrum.de,work_related
tiw-learning.de,work_related
leichterlernen.org,work_related
h2mare.info,games
iu-fernstudium.de,work_related
bafoeg-digital.de,work_related
robert-franz-naturwaren.de,shopping
investmentcheck.community,social_media
rendity.com,work_related
dagobertinvest.com,work_related
traunsteiner-tagblatt.de,news
neuwagen24.de,other
smdv.de,shopping
online-mahnantrag.de,shopping
eilbote-onlineshop.de,shopping
flightconnections.com,other
superpay.me,survey
vulkanvegas.com,other
drivethrurpg.com,shopping
roll20.net,games
gameontabletop.com,shopping
ulisses-ebooks.de,shopping
sphaerenmeisters-spiele.de,shopping
gewobag.de,news
schinken-braasch.de,shopping
kc-hilden.de,other
kanu.de,other
sparkasse-minden-luebbecke.de,other
pinterest.se,social_media
raiba-alsbach.de,other
netgalley.de,other
sparkasse-darmstadt.de,other
befrenchie.fr,other
spk-elbe-elster.de,other
convert2mp3.club,entertainment
b-tu.de,work_related
musikding.de,shopping
knuddels.de,messaging
babesource.com,adult
druck-deine-bachelorarbeit.de,other
gameswordle.com,games
dochub.com,work_related
blancmenswear.com,shopping
phantafriends.de,social_media
en2x.de,other
hdm-stuttgart.de,other
miro-ka.de,other
kaggle.com,work_related
monin-sirup.de,other
effenberger-couture.com,shopping
henglein.de,other
tyrolia.at,shopping
klsk.de,other
psd-hannover.de,other
gosunoob.com,news
garticphone.com,messaging
cyberpraevention.de,health
payandwin.de,other
kraeuter-und-tee.de,shopping
bevestor.de,other
patientenportal-unimed.de,work_related
mobilet.de,other
kraeuter-buch.de,other
wahl-hof.de,news
jemako.com,shopping
sanitas.com,other
netkredit24.de,other
stageme.live,work_related
sanuslife.com,other
piratewins.io,gambling
lootbull.com,work_related
btcheat.com,games
popspins.com,work_related
chipy.com,work_related
megakino.org,entertainment
s.to,entertainment
techyhigher.com,games
gayroyal.com,adult
sizyreelingly.com,other
fetishpornpic.com,adult
serien-forum.org,other
cigarlessarefy.com,other
stake7.com,gambling
ridersdeal.com,shopping
sparkasse-odenwaldkreis.de,other
golf-sansenhof.de,other
ev-digitalinvest.de,other
mannfuermann.com,adult
wartburg-sparkasse.de,other
romme-palast.de,games
online-timer.ru,other
erotika.cc,adult
ftopx.com,adult
indecentvideos.com,adult
wvb.de,other
nelly.com,shopping
camperdays.de,other
kskbb.de,other
wangerooge.de,other
wrestling-infos.de,news
sparkasse-hgp.de,other
petershaus.de,other
kinoz.to,entertainment
ding.eu,other
design-engine24.de,games
bikeleasing.de,other
fmo.de,other
fiorellarubino.com,shopping
mysecondear.de,health
gmeiner-verlag.de,entertainment
lovecrafts.com,shopping
leckermachtlaune.de,other
sparkasse-cgw.de,other
hotgaylist.com,adult
hello.porn,adult
tubev.sex,adult
spieluhr.de,shopping
mrg-motors.de,shopping
sexm.xxx,adult
schalker-block5.de,social_media
poutdecimal.com,other
essenbestellen.net,shopping
stevenimaginelittle.com,other
interhome.de,other
tube4world.com,adult
bayernjudo.de,other
sylvania-lighting.com,other
judo-mittelfranken.de,news
tsve-judo.de,other
leibniz-lsb.de,work_related
nks-bio-umw.de,work_related
cost.eu,work_related
byvu-freising.de,other
platz-hirsch.eu,other
dentons.com,work_related
fei-bonn.de,other
finktec.de,other
congendo.com,other
jst.go.jp,work_related
cphpost.dk,news
moosburgerhof.de,other
lamplstaett.com,work_related
schoenbrunn-hotel.de,other
schlosshotel-neufahrn.de,other
kongressissimo.de,other
gruppenreise-portal.com,other
post-mengkofen.de,other
raeucherhansl.de,other
waldhotel-baechlein.de,other
stanglwirt.com,other
landhotel-schneider.com,other
leibniz.cloud,work_related
hausarztpraxis-freising.de,health
dsmz.de,work_related
sparkasse-giessen.de,other
landgraf-ludwigs-gymnasium-giessen.de,health
llg-giessen.de,health
giessener-anzeiger.de,news
liebigmensaservice.de,other
spond.com,work_related
bandschnallen.de,shopping
spur-n-datenbank.de,other
bauernhof-birkenhof.de,other
polizeiautos.de,other
cm-foto.de,other
giessen.de,news
spurweite-n.de,shopping
pornv.xxx,adult
liliput.de,other
pornhub-sexfilme.net,adult
madchensex.com,adult
inyocounty.us,news
190.115.18.20,other
dsab-vfs.de,other
sport-n-play.net,news
3dnatives.com,news
ticketmaster.cz,shopping
nfctron.com,other
livenation.cz,other
bannedretro.eu,shopping
halfen.com,other
eventim.cz,other
esz-becker.de,other
dehn.de,other
bannedretro.com,shopping
perfektdamen.co,adult
sparkasse-heilbronn.de,other
sanusworld.com,other
realdoll24.de,adult
tik.porn,adult
tentlan.com,games
erochatcommunity.com,adult
gssteinhagen.de,work_related
gardenhotels.com,other
ownerscars.com,shopping
steingy.de,work_related
caremahotels.com,other
comitashotels.com,other
wrestling-point.de,news
ksk-gelnhausen.de,other
192.168.1.1,other
hd-world.cc,entertainment
moviehunterz.cc,social_media
momaily.de,messaging
kskgg.de,other
psxhax.com,social_media
mcpsp.com,entertainment
hdtvlertv.com,entertainment
schacharena.de,games
bitdreams.com,gambling
fetoo.com,adult
chatyou.com,messaging
fetishspace.com,adult
lustpunkt18.com,adult
marbuch-verlag.de,news
chatroom2000.de,messaging
beate-uhse-movie.com,adult
flirtendenachbarn.com,messaging
r129sl-club.de,other
euregiotours.de,other
thethings.com,news
jacquielawson.com,shopping
sitejabber.com,other
ferienpark-ostsee.de,other
erholungswerk.de,other
fewo-suhr.de,other
onlinehoergeraet.de,health
oticon.de,health
widex.com,health
doering-reisen.de,other
nanis.de,other
witzenhausen.eu,news
thomas-electronic-online-shop.de,shopping
justhifi.de,shopping
temma.de,other
vinted.fr,shopping
topstar-werksverkauf.de,shopping
youniquebyclaudia.de,shopping
nostalgie-radio.de,entertainment
apport.de,games
stadtenergie.de,other
w-o-t.pro,games
stardock.com,other
vb-mittelhessen.de,other
einfacherezept.com,other
mahjongkostenlos.de,games
barkassen-ehlers.de,other
parklinksderweser.de,news
kolb-hotels.de,other
wangerooge-hotel.de,other
juister-hof.de,other
strandhof-baltrum.de,other
hispeed.ch,work_related
pflanzenheld.de,shopping
huol.net,games
secretgermanjodel.com,adult
secretswissjodel.com,messaging
aboutyou.ch,shopping
esri.com,other
sidas.ch,shopping
alternate.ch,shopping
volksbank-niederrhein.de,other
burningseries.tw,entertainment
spk-ro-aib.de,other
sevac.com,adult
tsw24.de,shopping
sexwithhorse.net,adult
animal-hentai.com,adult
deinuhrwerk.com,shopping
codenameentertainment.com,news
poe-vault.com,news
nifty.org,adult
pobb.in,other
schambereich.org,adult
paidclicker.de,work_related
my-sexy-place.com,adult
mangago.me,entertainment
battwo.com,adult
mangabuddy.com,entertainment
asura.gg,entertainment
decathlon.fr,shopping
tierheimhelden.de,other
fdating.com,messaging
movie-infos.net,news
kulturgehtweiter.de,other
moonsault.de,news
e-fellows.net,work_related
herber.de,other
yt2mp3.info,entertainment
shisha-world.com,shopping
auto-josten.de,other
fischer-bourtscheidt.de,shopping
cybermania.ws,other
di-life.eu,shopping
connext.de,other
geschwindigkeit.de,other
neuwagenkauf.com,shopping
appnee.com,work_related
niedermayer.de,shopping
leverkusen.de,other
purelia.eu,shopping
bestgarantie-reifen.de,other
bravedown.com,entertainment
celebsnudeworld.com,adult
talkai.info,other
cutscenes.net,adult
trahkino.me,adult
jizzbay.com,adult
dinotube.com,adult
bestellung-rastenberger.de,shopping
peedeef.com,other
photocase.de,work_related
snapfrog.de,other
sparkasse-offenburg.de,other
mn.tc,other
producerplanet.com,work_related
sahibinden.com,shopping
gidonline.eu,entertainment
forofosdelrunning.com,other
finanzblogroll.net,news
sparkasse-hamm.de,other
lff-rlp.de,news
vaermlaender.de,other
besucherguide-schweden.de,other
tvstreamkostenlos.de,entertainment
houseofmagic.de,other
sport-schuster.de,shopping
weberhaus.de,shopping
deaf-forever.de,social_media
9075816-3.jpg,other
pornoslon.me,adult
stw.berlin,work_related
sinsay.com,shopping
amira-welt.de,work_related
anocris.com,games
lstsim.de,other
peakperformance.com,shopping
yoyoka-change.com,health
otrium.de,shopping
oysho.com,shopping
faszination-suedostasien.de,other
edited.de,shopping
wtf-eg.de,work_related
wohnverdient.de,other
stephanusbuch.de,shopping
sparkasse-kl.de,other
hunqz.com,messaging
dorotheum.com,shopping
vrbank-suedwestpfalz.de,other
sportplus.live,entertainment
itftennis.com,news
wtatennis.de,news
btv.de,other
ferlemann.org,other
bestager-itk.de,other
ki-campus.org,work_related
xn--schwbische-t5a.de,news
sparkasse-bodensee.de,other
tvdirekt.de,entertainment
fraumohrsrasselbande.at,work_related
fanfiction.net,entertainment
gaysexvideos.co,adult
mestizajoyeria.mx,shopping
mykitsch.com,shopping
creativebloq.com,news
looka.com,work_related
ck-modelcars.de,shopping
usdb.eu,other
teefury.com,shopping
mvhs.de,news
mathago.at,work_related
schulcampus-rlp.de,work_related
ipema-portal.de,work_related
moredates.com,social_media
gymnasium-oedeme.de,work_related
ableitungsrechner.net,work_related
hitomi.la,adult
allfreenovel.com,entertainment
frivol.com,adult
timberwoodanotia.com,other
nonesnanking.com,other
onlinefussballmanager.ch,games
onlinefussballmanager.at,games
onlinefootballmanager.com,games
tc-kristall-jena.de,other
schulverpflegung-thueringen.de,other
outlookgooglecalendarsync.com,work_related
kij.de,other
50mm-freunde.de,other
hotel-marienturm.de,other
ernaehrungswende-in-der-region.de,other
publicgovernance.de,other
menuemobil-kids.net,other
avenida-therme.de,other
sio-motion.de,other
ihr-hausarzt-jena.de,health
xn--versetter-z7a.de,other
fahrtraining.de,other
surveydoc.de,survey
foerderverein-schloss-hummelshain.de,other
docsdocs.net,work_related
logiclike.com,work_related
docsdocs.info,work_related
cyberderm.net,work_related
webcountdown.de,other
goalunited.org,games
sparkasse-schwedt.de,other
stadtrevue.de,news
schmitzundkunzt.de,other
ultimafarm.com,work_related
coinsbit.io,work_related
mountainwolf.com,other
safir.com,other
kucoin.com,other
mexc.com,other
robert-franz-naturversand.de,shopping
paluten.store,shopping
3dsupply.de,shopping
moodrush.de,shopping
voba-ermstal-alb.de,other
vital-fit-und-gesund.de,health
shop-apotheke.at,shopping
vacanceselect.com,other
gebrauchte-veranstaltungstechnik.de,other
campings.com,other
sparkasse-en.de,other
edeka-mader.de,shopping
kagegruenweiss.de,other
idealista.it,other
elitebabes.com,adult
stwhh.de,work_related
integralrechner.de,work_related
ilo.org,work_related
happycow.net,search
gayfuckporn.com,adult
wbg-zentrum.de,other
fensterkraftwerk.de,other
meetingpoint-brandenburg.de,work_related
bbradio.de,entertainment
schulkater.de,work_related
erowall.com,adult
babe.today,adult
sexhd.pics,adult
icetigers.de,news
horze.de,shopping
hobby-horse.store,shopping
reiterlive.de,shopping
rockbrosbike.de,shopping
erotikchat4free.org,adult
tattoomodels.de,work_related
ttvb.de,news
vka.de,news
pta-channel.de,work_related
feuerwehr-goslar.de,other
tryathome.me,other
journaux.fr,shopping
altaya.fr,shopping
modelissimo.eu,shopping
littlebolide.com,shopping
modellauto18.de,shopping
spielwaren-werst.de,shopping
wettringer-modellbauforum.de,social_media
modelldealer24.de,shopping
hlj.com,shopping
hachettepartworks.com,shopping
motors-mania.com,shopping
ludwigs-hobby-seite.de,shopping
podszun-verlag.de,shopping
usenet-4all.pw,social_media
chinesisches-horoskop.de,other
gymnasiummarienberg.de,work_related
womensecret.com,shopping
ff-clz.de,other
panorama-am-sonntag.de,news
wildcat.de,shopping
kingseven-shop.com,shopping
feuerwehr-langelsheim.de,news
online-stopwatch.com,other
besucherplattform.de,work_related
contento-shop.com,shopping
karikaturwelt.de,shopping
dietollemode.com,shopping
xthworld.com,other
meendo.com,adult
solnetwork.fun,other
dogenetwork.fun,other
blog24.me,news
timpsco.in,work_related
cryptoscoop.online,other
krossfaucet.fun,other
vulkansauna.de,other
acme.eu,other
fvdz.de,work_related
dittesgrundschule.de,work_related
krokotak.com,other
tpi-moritzburg.de,work_related
urologie-hammer.de,health
pondcoloringclub.com,other
freiberger-porzellan.com,shopping
gobicashmere.com,shopping
breminale-festival.de,other
seiffen.com,shopping
siegburger-tennisclub.de,other
gymnasium-alleestrasse.de,work_related
100pro-schulverpflegungplus.de,other
christiane-borisek.de,health
hautarzt-morgenstern.de,health
lerntraining.de,work_related
sinakunz.com,health
christina-bolder.de,other
humandesignsystem.co,health
commitcommunity.com,work_related
krissmicus.de,work_related
allabouthumandesign.de,health
handlesen-lernen.com,health
stickermanager.com,entertainment
xxxadd.com,adult
mahjongspielen.de,games
n-land.de,news
hypnoticpolish.com,shopping
moyou.co.uk,shopping
maniology.com,shopping
nailland.hu,shopping
uberchicbeauty.com,shopping
blisso.de,shopping
hr-sinfonieorchester.de,news
whatsupbeauty.com,shopping
epgtrack.com,other
polishpickup.com,shopping
merkur-privatbank.finance,other
erotikgeschichten.tv,adult
nookthem.com,adult
kinogo-la.net,entertainment
ottplayer.tv,entertainment
pikniktv.com,other
kinogo.fm,entertainment
hanau.de,news
gimmler-reisen.de,other
fewo-alex.de,other
badfuessing.com,other
akvis.com,work_related
st-franziskus-stiftung.de,work_related
st-vincenz-gesellschaft.de,health
isamtree.com,other
canonholik.info,other
canonholik-ai.de,other
feuerwehr-sendenhorst.de,news
erotikverzeichnis-de.net,adult
comix-load.in,entertainment
gallant-matures.com,adult
tubedxxx.com,adult
sexgeschichten-kostenlos.com,adult
perfecta-fenster.de,other
herzenspferd.de,other
onscreens.me,adult
kgforum.org,adult
haartaxi-potsdam.de,other
ownlyou.com,work_related
sgeschichten.de,adult
suphin-massage.de,other
leni-pepunkt.de,shopping
192.168.178.47,other
tiredoldhack.com,news
finviz.com,news
kreissparkasse-diepholz.de,other
eurogirlsescort.com,adult
care-4-life.de,other
inselloft-norderney.de,other
pfadfinden.de,other
deine-volksbank.de,other
boschvorsorgeplan.de,other
taschengeldladies.eu,adult
grannyspace.com,adult
pflanzwerk.de,shopping
ft-k.de,work_related
weinschmeckerei.de,other
comedyinstitut.de,other
vhs-koeln.de,other
peter-faszbender.com,other
theas.de,other
filmschule.de,entertainment
meinleipzig.eu,news
geoportal-bw.de,other
delo.de,other
gsb.bayern,news
edelhuette-dav.de,other
outdoorlogbuch.de,other
kasselerhuette.de,other
garabandalderfilm.com,other
kreuzamhimmel.li,other
fatherspeaks.net,other
luyepharma.eu,work_related
multipurewasser.de,other
ganzheitlich-frei.com,health
moony.tips,other
landesfrauenrat-rlp.de,news
sciencenutritionsociety.com,health
frauen-im-mittelstand.de,work_related
bundesinitiative-impact-investing.de,news
azeusconvene.com,work_related
groupschumacher.com,other
direct-selling-magazine.de,news
good-response.de,work_related
femance-finanzen.de,work_related
finanz-heldinnen.de,work_related
bnw-bundesverband.de,work_related
hikelok.com,other
memes.co.in,entertainment
bgg-berlin.com,other
ferretingoutthefun.com,other
hcu-hamburg.de,work_related
arberlandradio.com,entertainment
hot18lips.com,adult
tvfueralle.de,entertainment
myqnapcloud.com,work_related
asstr.xyz,adult
pornmaturetube.com,adult
tubebdsm.com,adult
nudist-video.top,adult
atube.sex,adult
silo.pub,work_related
mashkagud.cf,other
muw-nachrichten.de,news
pinduck.com,adult
xxxtr.ru,other
xxxgg.ru,other
spankedanddiapered.com,adult
opening.download,other
ihambers.top,other
cxzfgjuk.pw,other
raiba-westhausen.de,other
botschaften-der-engel.com,health
bairle.de,other
ostalbtrauer.de,other
evisa-kenya.com,other
tvpinto.com,other
putlockernew.vc,entertainment
putlocker.sb,entertainment
greenfelt.net,games
kleintiermarkt.com,shopping
ibizamode.nl,shopping
blitzanzeigen.de,other
filmstreaming2.net,entertainment
1jour1film.website,games
tripadvisor.fr,other
boutique-yelo.fr,other
bonprix.fr,shopping
yankeecandle.fr,shopping
notino.fr,shopping
zivbod.com,other
relaxforme.fr,health
magicalshoes24.com,shopping
sparkasse-vogtland.de,other
miomio.guru,entertainment
p-game.jp,games
norderstedt.de,news
skymail.de,work_related
berlinblick.com,adult
zeldamaps.com,entertainment
hearthookhome.com,other
sfiomhotla.com,other
ruckzuck-energie.de,other
aldi-music.de,entertainment
bukinist.al,shopping
e-albania.al,work_related
kitaportal-sh.de,other
guarinicenter.org,work_related
plambeck.com,other
thor.de,other
spatzennestimvalvopark.de,other
kita-kinderzimmer.de,other
environmental-auditing.org,work_related
footprintcalculator.org,other
mawista.com,other
expatrio.com,other
greeneuropeanjournal.eu,news
pfundsweib.de,social_media
eis-perfecto.de,other
wunder-kueche.de,other
hochsensibelsein.de,health
amkirchlein.de,other
vhs-kreis-giessen.de,other
vhs-wetzlar.de,work_related
lahn-dill-akademie.de,work_related
miriamkreativ.de,other
hr-ticketcenter.de,shopping
ticket-shop-friedberg.de,other
rainbownourishments.com,other
eifelquilts.de,shopping
metallmichl.de,shopping
twominutebreak.com,other
mommymade.shop,shopping
gathered.how,news
vhs-lahn-dill.de,work_related
gutmann-am-dutzendteich.de,other
burg-schaenke.de,other
waldgasthof-am-letten.de,other
littlewonderland.de,shopping
nyvi.de,shopping
mc-escort.de,adult
yaoitoon.com,adult
perfektermoment.de,social_media
producerloops.com,work_related
vhs-hanau.de,work_related
blau-machen.org,work_related
schulzrentabike.com,shopping
raiba-neumarkt-opf.de,other
aerztehaus-altdorf.de,health
xn--sanft-schn-mcb.de,other
datinguspl.com,adult
pleazgg.com,games
boppard-tourismus.de,other
festspielhaus.de,other
commis.online,other
basics.de,health
sun-pharmaceuticals.de,health
narz-avn.de,health
kab-wiki.de,health
seobility.net,work_related
conpublica.de,work_related
eology.de,work_related
eifelwetter.de,other
meereisportal.de,other
ventusky.com,other
vitero.de,other
msxfaq.de,work_related
avepoint.com,work_related
cert2brain.com,work_related
experteach.eu,work_related
integrata-cegos.de,work_related
milffabrik.com,adult
bochumerbund.de,work_related
incas-training.de,work_related
ezeep.com,work_related
campingpark-eberbach.de,other
thitronik.de,other
ferochi.com,other
vr-rheinahreifel.de,other
aimmo.io,other
fcl-shop.com,shopping
endokrinologiemuenchen.de,health
wiesnkini.de,other
hoteljohannisbad.de,other
seniorenappartements-muenchen.de,other
saffair.de,other
boardgamecore.net,games
tworeddots.com,other
mahmoudfajjal.com,work_related
swingerklub.de,adult
stufferdb.com,adult
oldenburg-kreis.de,news
muenchner-freiwillige.de,work_related
autisten-online.de,social_media
howrse.it,games
asperger-forum.de,social_media
db-stream.com,entertainment
lewdcorner.com,adult
primegrid.com,other
fotographie-stingl.de,other
ddent.de,health
hotel-birke.de,other
zentrum-fuer-kriminologie-polizeiforschung.de,work_related
deichsprung.de,health
signuu.com,shopping
happygitwithr.com,work_related
mckoss.com,other
aquamanga.com,other
reaperscans.com,entertainment
vb-alzey-worms.de,other
huntmanga.com,entertainment
topmanhua.com,entertainment
saramart.es,shopping
delumani.de,shopping
lautarul.shop,shopping
fordeal.com,shopping
floaredetei.ro,other
kfv-online.de,news
volksbank-luebeck.de,other
jurcar.digital,other
liapor.com,other
baeuerle-stuckateure.de,other
pdfescape.com,work_related
dream-plans.com,other
vr-heimatbank.de,other
neubrow-am-bug.de,other
readly.ru,news
contactoffice.com,work_related
mailfence.com,work_related
freemail.hu,work_related
amateurindex.com,adult
xxx-sharing.com,adult
mmfporn.com,adult
metartmix.com,adult
monkkee.com,other
in-software.com,work_related
vr-ff.de,other
service4mobility.com,work_related
bloggerjury.de,other
stadtbibliothek-halle.de,work_related
sexvz.net,adult
cjdropshipping.com,shopping
softzar.com,other
hdi-tarifeonline.de,other
lifecell.ua,shopping
lichtblick-fuer-pfoten.de,other
ksk-saale-orla.de,other
grandcasinoas.eu,gambling
tabitla.store,other
resetera.com,news